Name|Phone|Email|UserID|LastLogin|CreditCardNumber|Location|IPv4_Address|IPv6_Address
Warren Reyes|1-622-369-1888|auctor.odio@amet.ca|279185A8-9654-7F26-4370-D75390F6DDC8|Sat, 14 Apr 2018 15:44:42 -0700|5270 4267 6450 5516|-12.63919, -170.65658|185.247.200.252|d646:af6:16d9:5a46:72c0:9a90:d78f:24e7
Chase Allison|1-514-150-3384|Nulla@nunc.net|9DC7A5A9-928F-DBB0-F747-8879282BF6C2|Mon, 06 Jan 2020 13:37:00 -0800|5370 4638 8881 3020|-0.74473, 167.38719|82.229.123.72|7553:abe3:ca2f:9ac3:42b5:4f3b:7a46:9d52
Cassady Stephenson|1-440-761-4816|elit@pulvinar.org|FF0BA60A-9C6F-FB22-9757-47D5A90223A8|Tue, 25 Feb 2020 00:51:04 -0800|4916 9766 5240 6147|-40.02327, -110.38114|112.135.203.19|a054:b75c:ab1:a992:23:ff06:28f4:9154
Alfonso Mcdowell|1-599-775-2582|dolor.Donec@tincidunt.ca|C9A0BF31-642C-A2BD-6B31-A2A6CD16D94A|Mon, 06 Jan 2020 12:50:38 -0800|5180 3807 3679 8221|82.68142, -63.53682|131.204.20.43|f488:4c96:3c3f:450f:4f62:9a16:d8f5:21cc
Warren Cabrera|1-162-904-9231|mi.eleifend@vel.edu|3892672C-155F-F470-1DA3-7C97B69B8DB7|Wed, 06 Nov 2019 10:58:44 -0800|4929 3813 3266 4295|82.57429, -141.95072|190.37.66.1|2adb:8700:f123:fe70:2a75:fecb:47bb:14f1
Lester Santana|1-591-571-5219|urna.et.arcu@ligulaDonec.org|1FEA8B52-3B65-FDDC-F7F9-5B5ABFD9A4D5|Thu, 13 Dec 2018 22:48:42 -0800|4916 9766 5240 6147|-1.20322, -14.17806|33.81.49.250|b1d0:b0f1:8273:581c:ba22:bf00:c399:d1b
Virginia Mcfarland|1-764-178-7321|primis@scelerisque.ca|989146A3-D1EA-4AD3-CB5A-E6206D62BCCF|Wed, 02 May 2018 16:53:47 -0700|5180 3807 3679 8221|28.35922, -166.30347|22.28.212.107|4a2e:1770:6379:8a64:cfec:e837:c7e6:6c56
Blythe Whitfield|1-107-749-2153|eu.dui@sit.com|6C9A49F5-4A58-4128-B0A0-EDBB25408214|Sat, 09 Mar 2019 06:58:13 -0800|4929 3813 3266 4295|-59.36969, -89.43858|148.198.67.21|ce86:a9ba:22b2:7082:80ba:5c8c:7ae7:5975
Thomas Barron|1-884-115-7930|natoque@turpis.edu|33F6406A-4B98-F829-521F-09F8E8BAFBDE|Mon, 20 Aug 2018 15:24:40 -0700|5218 0144 2703 9266|40.04855, 96.92025|111.209.155.255|8ab5:1e77:ccbe:8bd:abc:d194:7c1a:3ec1
Ayanna Wood|1-425-563-0012|lorem.ac@Sedetlibero.com|63C6A480-EA8F-9CBD-8D64-5DFAED139B5C|Fri, 16 Aug 2019 16:22:11 -0700|4916 4034 9269 8783|-76.09381, 140.00998|39.254.147.3|14e1:c0d6:3361:d947:a2ef:72a0:94d3:f0f2
Hyacinth Simon|1-538-467-3529|eu.neque.pellentesque@musProin.com|1ABC24BF-9105-AF49-008C-73AFE91C29C8|Tue, 13 Nov 2018 03:26:46 -0800|4532 1753 6071 1112|39.73182, -23.38539|197.22.75.182|e01f:8985:82b7:b582:675d:6a7b:cab7:cf54
TaShya Noel|1-570-321-5397|magna.Phasellus.dolor@vehicularisus.co.uk|E15447A8-5FDE-7A99-E91F-FCE2728E0E03|Sun, 12 Jan 2020 15:06:06 -0800|4539 5385 7425 5825|7.64495, 59.09087|157.191.61.43|b152:ba6c:a363:1802:224:a292:8ca3:fd63
Tatyana Mcguire|1-415-680-0054|turpis.In@at.ca|F8420DE4-8ED1-9918-66B2-785DCD936891|Sun, 08 Apr 2018 20:09:21 -0700|5325 3256 9519 6624|82.95393, 52.32882|250.185.95.239|a017:56cf:ed74:e79:70b4:f81f:4ffc:5542
Giselle Reynolds|1-217-530-0185|ante.iaculis@amet.edu|82CE6E5D-A041-1E14-CA39-B925ABBE1DD2|Sun, 02 Jun 2019 22:23:22 -0700|4532 4220 6922 9909|35.03518, 47.33672|208.128.202.120|a3ea:f694:c3ee:42ea:8eac:505a:b8dc:9c0d
Adrienne Curtis|1-915-544-6821|diam.Proin.dolor@vulputateeuodio.edu|6A50D18D-1A46-1A5D-E455-6971D8A33B90|Mon, 27 Jan 2020 19:32:57 -0800|4532 0065 1968 5602|-83.12939, 79.52511|42.127.75.24|aef7:d285:c8ea:198e:f7b9:cf68:f2ba:62d3
Mercedes Buck|1-903-149-4926|Quisque@nullaIntincidunt.ca|859FD849-B9B8-300B-4213-CE0B08726C09|Sat, 23 Jun 2018 06:09:21 -0700|4556 0072 1294 7415|38.3722, 145.04751|78.18.149.75|ab20:ca21:4cde:58c1:89ea:8143:4681:326c
Hyatt Ferguson|1-801-122-6033|luctus.et.ultrices@pellentesque.ca|62A73B7F-B123-04C6-9C9B-EC75A5F535DB|Tue, 04 Dec 2018 06:55:23 -0800|5527 1247 5046 7780|4.56818, -2.72446|239.163.173.138|4577:e1d:5c94:3b9:5dad:9958:183b:c625
Jason Atkinson|1-521-242-4970|risus.Duis.a@FuscemollisDuis.edu|C82682AB-0047-CA89-2C48-0CD31ADF2734|Sun, 19 Aug 2018 08:48:37 -0700|5299 1561 5689 1938|-60.4472, -44.23508|228.2.191.186|86ad:b8e9:5fb1:9ca4:140d:5575:72e0:3b67
Salvador Mclean|1-420-623-8587|Sed.nulla@temporaugueac.co.uk|E0DE90A4-88D8-48F2-1161-22639D0C9F26|Thu, 25 Jul 2019 08:22:42 -0700|5144 8691 2776 1108|43.67316, -32.80343|68.228.154.49|5ec:f594:9c3c:99db:412:6af4:8bfe:adaf
Urielle Prince|1-981-155-6546|et.tristique.pellentesque@leoinlobortis.edu|BAA34816-32C0-19C7-8163-443719C711CD|Wed, 13 Nov 2019 23:19:10 -0800|4532 9929 3036 9308|-31.51184, 144.70536|112.237.172.111|2766:1cbe:8c7d:cb46:d793:94b9:c92d:a1df
Barry Kelley|1-956-588-9972|amet.consectetuer@lacinia.co.uk|8C43653A-689F-DAA2-A5A5-842B374093F3|Wed, 16 May 2018 16:32:23 -0700|4539 0031 3703 0728|-4.35447, 118.95269|148.101.158.92|8313:634d:6017:70d7:b3bb:1f49:edac:27c1
Shaine Christensen|1-840-164-4880|ornare.libero.at@semvitae.ca|52F8DE03-929E-E73D-C32F-123BD80693B4|Mon, 25 Nov 2019 10:07:36 -0800|4716 6984 4983 6160|58.0754, 53.22419|201.217.163.247|49f9:33a9:bb19:b676:14ec:a3fa:934a:8044
Herman Aguilar|1-624-430-2655|pharetra.nibh@aliquetlibero.ca|A8DAE3DE-A661-DE89-4B0D-A467DA36A020|Thu, 01 Nov 2018 12:49:46 -0700|5548 0246 6336 5664|32.44209, -165.88482|69.75.172.9|991e:5bf7:d570:299c:fa35:c64d:8fdd:1a4
Melissa Hansen|1-474-664-1498|enim@perconubia.org|23749028-C8DB-2611-7B62-75388C3F9D32|Sat, 25 May 2019 04:46:15 -0700|4916 6734 7572 5015|12.60764, -43.15301|162.192.16.156|472c:5f3c:d287:5b70:9a0b:1d51:5389:6a3e
Scarlet Glover|1-983-606-1082|id@luctusaliquet.com|AC4A0AE1-B789-867A-8524-C8EDB8CDC874|Sun, 17 Mar 2019 04:11:47 -0700|5399 0706 4128 0178|38.51016, -149.20716|184.102.69.225|b8f6:2fde:f3b9:23f4:7074:583e:6832:a038
Yvette Bennett|1-193-621-3525|a.felis@parturientmontesnascetur.org|1E0E8357-B16D-D9FA-B5AE-49FAEBA3463C|Thu, 11 Oct 2018 10:24:10 -0700|5293 8502 0071 3058|79.86045, 36.50442|149.60.73.194|98fa:dbf1:13b7:ce03:d446:b198:cf74:2d74
Lev Park|1-680-706-9513|convallis.in@velconvallis.net|607431A7-B8B8-7DDF-A875-1F2A0005F290|Tue, 01 Oct 2019 14:36:57 -0700|5495 8602 4508 6804|37.59259, 99.24225|20.63.126.68|5a31:25a5:9fa0:c77:c27c:900f:24b9:cc18
Grady Foley|1-231-260-6955|elementum.sem@diamProin.org|2E56D9BC-E057-C6E7-FE5F-C3C03C1A026C|Wed, 09 Oct 2019 22:47:37 -0700|5413 4428 0145 0036|18.55979, 162.70068|233.131.233.252|598a:d372:285a:a344:3216:d0a0:3eeb:9471
Liberty Vincent|1-287-856-9958|Sed.et@Pellentesquetincidunt.com|1B853A6D-748C-0ADA-538B-66D55B6F51AC|Sun, 05 Apr 2020 09:50:27 -0700|4539 8219 0484 7598|-65.49072, -140.44482|146.54.199.84|5491:6770:d669:90f2:99fa:83c2:55f9:dd16
Lydia Day|1-291-250-0344|lorem@nasceturridiculus.com|1920CDB6-3A9E-F0E7-3C37-7425E0956DDD|Wed, 08 Jan 2020 17:53:27 -0800|5252 5971 4219 4116|-46.63363, -154.13152|73.108.224.181|b592:f9cf:2d09:2399:a6e3:1c10:4bcd:9a74
Lawrence Meyer|1-862-653-0322|tortor.Integer.aliquam@sedpedeCum.ca|4FF93318-056B-5235-D564-AC06F0B9F692|Thu, 26 Dec 2019 13:48:40 -0800|4916 4811 5814 8111|51.16955, 85.84004|140.49.161.38|ebbb:adfa:34c4:6b45:68fc:9751:327b:532c
Karina Rodgers|1-554-428-9638|Nunc.quis.arcu@consectetueripsum.com|A848FB9A-E8C1-16BB-DCCC-AE29C0DC663B|Sat, 28 Jul 2018 05:17:28 -0700|5218 0144 2703 9266|-25.32703, -102.66097|247.109.11.212|fe77:7aea:1197:668d:d790:13b2:3b9b:703c
Larissa Barnett|1-504-417-5740|tincidunt.congue@egestas.edu|EA900C2A-EDB0-5087-478A-EB0924E5150A|Tue, 25 Dec 2018 03:24:07 -0800|4916 4034 9269 8783|-35.99891, -62.54908|180.90.228.115|d1e4:aa9f:3433:e0f1:a3f1:2a34:325f:f23b
Dexter Ayala|1-830-532-8005|in.consectetuer.ipsum@fringillaeuismod.co.uk|3034CD33-B29B-9434-6844-9FB7CF8F90BD|Mon, 25 Mar 2019 19:45:42 -0700|4532 1753 6071 1112|-6.14915, 152.37465|71.237.195.198|2542:24d2:d492:8f8c:a6b5:5d6c:f3b0:21a5
Leonard Garrett|1-674-162-0639|Nam.consequat.dolor@sagittisaugue.edu|72BE5D84-35E0-408D-386D-B73C7C0E7DBF|Sun, 23 Dec 2018 21:39:59 -0800|4539 5385 7425 5825|55.21637, -125.56839|185.181.192.251|e2c8:4a45:6dd9:2fd5:6c42:b81f:12ec:394e
Hadassah Nunez|1-624-857-9841|eleifend.Cras.sed@consectetuereuismodest.org|34735090-B3AB-FB60-F332-01C52D58BC30|Wed, 03 Jul 2019 05:36:12 -0700|5325 3256 9519 6624|39.42224, -124.25495|145.79.240.128|c568:2fcc:aa54:9c3d:ccee:2967:a08c:26f5
Ali Camacho|1-469-769-2942|dui@mollis.co.uk|89588328-90B4-52FD-768C-C74D89BAFAD9|Tue, 25 Dec 2018 02:31:07 -0800|4532 4220 6922 9909|38.0146, -158.04235|62.68.51.227|37a4:c5ca:7422:2a11:9219:d269:4ff1:30aa
Norman Callahan|1-112-226-2463|Etiam.bibendum.fermentum@eget.edu|68A4F12A-2149-2E4D-BBD5-758454D57940|Tue, 02 Jul 2019 04:01:55 -0700|4532 0065 1968 5602|82.38112, -124.7117|220.34.111.188|adbe:76f9:5868:5ca5:c2bb:2c9a:8510:2718
Kermit Marks|1-481-315-7095|fringilla.ornare@elit.org|BC7EFC9D-5A6A-34A6-E16E-B872F246A16E|Mon, 05 Nov 2018 10:09:28 -0800|4556 0072 1294 7415|-5.90049, 41.45351|203.131.44.63|62e1:8296:e45d:f9fb:df69:cf15:3bf6:ea8e
Gregory Fletcher|1-780-415-6586|ut.dolor@nuncid.com|F0858023-D5F1-B00A-EC75-2FA528F0D69D|Sun, 02 Feb 2020 20:20:13 -0800|5527 1247 5046 7780|-29.64644, 141.15569|128.255.127.186|a5b:a2be:1ff1:c6fb:e81e:8710:4ec9:e21a
Lucian Weber|1-304-670-9656|Phasellus@Crassed.com|E1F77565-3AA7-E812-80D0-585ED55A40FF|Sun, 16 Jun 2019 09:29:08 -0700|5299 1561 5689 1938|16.8052, -131.33727|251.52.158.103|3856:e0d8:3723:9a44:57f:9dfb:2f39:b9a6
Hoyt Wilcox|1-737-596-4789|pellentesque.eget@et.org|A068139B-877A-C0ED-93AD-9366786C128E|Mon, 12 Aug 2019 13:52:49 -0700|5144 8691 2776 1108|-66.18769, 112.82284|219.42.78.78|4748:6e98:1911:652d:8581:5d61:1841:3b64
Stacy Mercer|1-112-790-6181|consectetuer.adipiscing.elit@eleifend.com|EA25C67A-19D4-3F75-E5B3-4E9177B4CF50|Tue, 26 Jun 2018 13:19:55 -0700|4532 9929 3036 9308|49.7384, -99.47954|34.98.99.182|c629:3406:2396:5c00:294e:3490:dcf1:d949
Cleo Becker|1-904-300-7599|montes.nascetur.ridiculus@egetdictumplacerat.edu|7228BC00-2699-4617-27CD-66D2AD830AEC|Sat, 18 Aug 2018 06:57:05 -0700|4539 0031 3703 0728|-0.96164, -44.91055|126.110.21.32|1908:b9ce:38ae:f628:eba2:8bc1:c516:4d35
Iliana Fisher|1-491-849-7721|convallis@nuncrisus.net|1F0984C7-9DEA-3BC9-7B3D-51CF2BD541E8|Sun, 06 Oct 2019 20:16:33 -0700|4716 6984 4983 6160|-44.09379, -7.92162|145.248.24.78|d29c:6846:e76b:c0bf:3630:a7a:9b25:ed10
Jenna Whitfield|1-840-656-1179|Donec@Etiamlaoreetlibero.co.uk|E73DD768-CBF5-4142-4331-6AB52CF767F8|Fri, 05 Apr 2019 07:22:25 -0700|5548 0246 6336 5664|25.10038, 19.71249|171.71.6.159|7dd9:3be1:52e6:295:b80b:962c:e69b:8666
Rudyard Burt|1-535-688-8276|vel@amet.ca|F086D650-180B-06BD-F7CD-C1A1A774774D|Wed, 16 May 2018 16:49:17 -0700|4916 6734 7572 5015|13.99134, 12.03854|93.16.190.42|6581:4c82:6707:e01c:e2eb:fd73:a5db:b80d
Renee Kirkland|1-637-815-3366|tellus.non.magna@auguescelerisquemollis.ca|C8E30F33-9F9D-1524-ECC3-F1D384400E6C|Sat, 02 Mar 2019 08:02:38 -0800|5399 0706 4128 0178|-76.3409, 162.29597|17.194.22.196|1262:aa20:59af:552b:81cd:7202:7492:8fbc
Arden Tran|1-465-594-1055|orci.consectetuer@sitamet.ca|48B5D8A0-5228-F2E4-EAE5-94CEF45F30DD|Sat, 15 Jun 2019 05:58:52 -0700|5293 8502 0071 3058|-87.76863, -160.29861|202.95.180.124|96ca:164:135b:1324:7474:faaa:898a:406b
Wade Bates|1-203-371-7305|Mauris.molestie.pharetra@molestie.com|9DC86929-EB1F-BC94-E940-B424082BA3AA|Fri, 24 Jan 2020 06:16:34 -0800|5495 8602 4508 6804|48.36507, -174.3858|166.134.238.148|f519:94f2:23db:6ce9:dfcf:155e:d90b:7240
Christian Reilly|1-458-478-1146|nec@insodales.net|B600DBAB-AC52-96FC-44F9-39952D9273F4|Mon, 16 Jul 2018 10:42:27 -0700|5413 4428 0145 0036|-87.06691, -156.97785|90.147.35.145|5e54:a0c1:4fad:72c8:119b:38e0:ba87:a077
Casey Solis|1-974-369-2589|mauris@netuset.net|74427BB2-57BC-C2FD-4F35-CC7144CD2BBC|Tue, 09 Apr 2019 13:44:36 -0700|4539 8219 0484 7598|-89.64427, 108.00935|89.216.92.236|60ce:46b:1b52:d89d:ff02:2286:6cfc:5803
Mary Reeves|1-885-367-1837|at.auctor.ullamcorper@Etiamvestibulummassa.co.uk|66859161-E56D-FF9E-A50D-9DD8D2BF32F6|Sat, 06 Jul 2019 10:57:10 -0700|5252 5971 4219 4116|-3.34227, 169.8829|78.63.141.176|dc53:f53:9df7:d8ff:8e4b:1f6e:28f:1dd6
Preston William|1-593-455-9746|sodales.nisi.magna@eunullaat.com|67A5850B-9B05-D112-4D6D-D87A7FF3EF57|Thu, 26 Dec 2019 03:54:00 -0800|4916 4811 5814 8111|-51.26825, -155.96268|127.146.249.124|4e63:b95b:8051:eef8:c766:4ab4:d573:657f
Chandler Hopper|1-184-721-7496|Nunc@dictumplacerataugue.ca|3C5FCC1B-194A-E841-92CC-A62158520027|Mon, 16 Dec 2019 09:23:20 -0800|5218 0144 2703 9266|-20.86018, 5.0122|102.129.223.80|b4f8:7dc5:311a:a597:8877:6151:e0a1:da33
Brett Barton|1-202-148-3152|ultrices.posuere@sit.co.uk|69710C4E-20AC-F99B-4D43-587959DCF201|Tue, 11 Sep 2018 06:53:10 -0700|4916 4034 9269 8783|-79.51674, -61.09343|179.136.115.66|d593:dd26:b735:d93b:5bf0:4c7b:694d:b3d4
Chancellor Velazquez|1-305-723-9861|nec.ligula.consectetuer@enimsit.ca|43D4DD58-A45D-0007-A7D6-F4EE1F983D17|Sun, 26 Jan 2020 01:12:10 -0800|4532 1753 6071 1112|-10.62074, 45.44352|188.38.150.130|99da:95:25c9:566b:cbb7:8ef8:832a:2422
Lani Hancock|1-290-160-6147|ac.nulla.In@auctorquistristique.net|CB1BE090-7FC1-FFA0-8BA7-698DD69F9C8E|Fri, 08 Jun 2018 16:21:36 -0700|4539 5385 7425 5825|42.15055, 35.17945|244.23.83.241|a678:6bb0:7cb2:1f75:bc1d:e41f:b469:ce0c
Camilla Dickson|1-108-147-9413|turpis.non@aptenttaciti.org|CFE0866D-60EF-3AE4-4F91-1D3D751D8F08|Tue, 26 Nov 2019 17:07:46 -0800|5325 3256 9519 6624|-61.09537, 175.82053|240.29.68.250|8b8f:92a8:6f2:6ca0:33f4:360e:aa3c:e1d9
Vera Garrison|1-732-157-2776|vitae.sodales@eratsemper.edu|5875AA1C-124A-8203-76E5-22B7C879F6AA|Wed, 31 Oct 2018 23:56:45 -0700|4532 4220 6922 9909|33.47527, -28.42615|55.150.49.240|eebf:28d0:92dc:6c6c:3afa:5eeb:cece:bd13
Macy Roach|1-465-407-5860|eros@nonnisiAenean.org|A1E5A647-E7F3-3A60-14F8-00D53E9F3176|Fri, 17 Jan 2020 15:27:14 -0800|4532 0065 1968 5602|-15.92193, -21.59877|53.251.7.55|7a61:72e7:1e0a:42b1:a656:88f8:769b:cc73
Kylie Turner|1-662-429-0393|ac.mi.eleifend@Duissit.net|0D0A5FA5-0B68-C182-33DD-56ACDC6F10D9|Wed, 21 Nov 2018 05:44:19 -0800|4556 0072 1294 7415|74.05079, -162.64115|216.154.135.203|ad13:4b2f:7557:b429:383d:1660:2368:d81b
Raphael Patton|1-821-837-2445|mauris.blandit@risusNuncac.net|EED1CC82-279A-3E90-84AC-F1FE80A7042B|Sat, 26 May 2018 13:55:30 -0700|5527 1247 5046 7780|8.30642, -34.74984|228.127.107.141|6aa6:6318:c3a6:33e7:c4dc:50dd:7f08:5a7f
Patricia Petty|1-426-864-8371|non@sociis.edu|401F4F05-E1C0-3B26-AA1D-53E4DF6CC709|Sat, 30 Nov 2019 08:31:59 -0800|5299 1561 5689 1938|-76.35693, 5.46697|33.109.111.10|a72a:9a31:1455:8732:2d72:7ce1:6284:c9d6
Germaine Rogers|1-168-144-9299|massa.non.ante@quam.co.uk|71DD780D-E8BE-C4E6-13E7-477A7A46EC29|Thu, 14 Jun 2018 14:25:13 -0700|5144 8691 2776 1108|47.75108, -94.46737|247.29.94.171|a940:8703:40fe:5e30:fe76:1a45:fb6:21e5
Fulton Boyer|1-200-349-6939|nulla.ante@odioa.com|A6AD7823-841C-C19E-58CD-681AE15E821E|Wed, 11 Mar 2020 01:39:31 -0700|4532 9929 3036 9308|36.40629, -15.09161|107.28.31.115|243f:ad40:6720:d9e3:588a:d18c:484c:9a70
Willa Payne|1-932-608-9452|convallis.erat@lobortisrisus.ca|E9DEDAB8-4EFC-76E1-1D35-E2924D79F67E|Mon, 26 Nov 2018 16:48:59 -0800|4539 0031 3703 0728|-19.74866, 70.64448|83.130.115.56|4705:169e:9d0e:f931:2fb1:2bd9:12c7:fe4d
Yolanda Donovan|1-960-265-4712|diam@diamat.net|C951F85F-0611-A3F0-5D3C-D1F5AD1ECE43|Tue, 07 Apr 2020 19:53:59 -0700|4716 6984 4983 6160|24.4421, 78.97927|235.55.220.175|a70:2e60:e300:6b99:94bc:85fe:8029:203d
Giselle Kaufman|1-888-562-6656|vitae@ac.edu|D6F9F2F5-C635-A507-269A-77F5B8AA28AA|Tue, 24 Jul 2018 13:57:57 -0700|5548 0246 6336 5664|-40.45267, 41.85707|72.219.191.197|e3c6:da1f:3f23:78e5:f12b:d85f:d78b:1f47
Judah Moody|1-746-812-4852|quis.diam.Pellentesque@atarcu.co.uk|7E892F80-5D38-881E-0BAD-866DB13264BA|Mon, 07 May 2018 13:55:20 -0700|4916 6734 7572 5015|-48.9995, 92.28967|74.81.75.41|5bda:352:46f5:ea95:6ea8:bf7f:fe6:e8ad
Vaughan Rodriguez|1-544-267-3894|magna@viverraMaecenasiaculis.co.uk|2EAA3B57-2FEC-73E7-E245-1191044AADCA|Mon, 04 Nov 2019 16:27:33 -0800|5399 0706 4128 0178|-33.56306, 126.02262|99.20.160.120|37b9:90b:3e1f:fe8d:2577:9773:7387:ef2
Nomlanga Fitzpatrick|1-839-125-1424|Quisque@non.org|38A565BC-5126-A23E-604A-180AED103E95|Wed, 29 May 2019 11:46:55 -0700|5293 8502 0071 3058|72.65406, 139.77192|181.8.218.165|9b60:e3f6:76a7:4746:8bfe:fba3:8088:36b3
Jason Fitzpatrick|1-200-212-4432|dolor@scelerisque.co.uk|67109020-D370-35B8-A201-C72CBA5DD07C|Sun, 07 Apr 2019 07:38:26 -0700|5495 8602 4508 6804|-66.4439, 164.78784|131.132.21.29|83a8:577b:f4c9:1ab5:cb67:8d15:7858:a206
Bruno Booker|1-407-212-9837|pellentesque.tellus@suscipit.edu|C5044760-C827-A7AB-2250-930074CC04FC|Wed, 06 Nov 2019 00:03:11 -0800|5413 4428 0145 0036|48.71217, -179.27664|219.31.43.86|e1e3:bb06:f140:b95:faa:5023:bfcb:458
Halee Graves|1-603-580-8638|ut.dolor.dapibus@acfacilisis.edu|D847FEBA-7CE2-F9F5-8E37-9B5B3DF9A538|Tue, 11 Sep 2018 11:01:40 -0700|4539 8219 0484 7598|-18.6831, -121.05704|97.189.251.223|7f8a:da32:f88b:c9bb:2664:1e37:d494:383e
Naida Burt|1-534-572-2169|adipiscing.lobortis.risus@loremloremluctus.edu|D057278A-495C-B89A-3532-E681A906CD6F|Wed, 18 Jul 2018 19:48:50 -0700|5252 5971 4219 4116|-5.95691, -6.00927|150.1.102.174|2bdf:6f88:d5d7:9a73:2e0c:3e31:fa7b:bbbf
Allistair Ewing|1-885-157-3581|arcu.Vestibulum@vestibulum.ca|2E1F347E-0A46-5758-B119-012C91D5EB8F|Fri, 20 Apr 2018 22:42:30 -0700|5270 4267 6450 5516|-48.97842, 89.14223|30.126.72.200|1723:771a:7a21:fce1:785b:8d2d:a1e5:e25e
Ezekiel Doyle|1-294-920-8342|metus@Phaselluslibero.edu|9775DAAF-17FF-DB43-0BB4-FD6DC078A060|Wed, 20 Mar 2019 21:57:11 -0700|5370 4638 8881 3020|-75.79018, 99.35358|246.110.112.187|a822:b0af:51f7:1496:f2e8:16a1:f485:aa45
Declan Meyer|1-314-934-9538|ante@lectus.org|BC5BFDFC-98F3-B1CD-974E-864544C03D0F|Tue, 28 Aug 2018 10:36:48 -0700|4916 9766 5240 6147|7.09896, -179.18267|9.30.151.30|42d3:d999:e551:9733:fee9:bf3d:720e:7b21
Ingrid Gilbert|1-532-344-8050|felis.eget.varius@lobortisnisi.ca|B69DF6DF-209A-7241-B820-8E3851C42510|Mon, 19 Aug 2019 04:46:35 -0700|5180 3807 3679 8221|-89.27833, 97.50131|121.46.187.145|d23a:3aad:170d:b5:a5ed:41ea:820f:5f1d
Uma Lucas|1-854-809-8949|scelerisque.neque@sapiengravidanon.edu|78AB237B-336F-9637-0D90-97324507C625|Wed, 10 Oct 2018 01:18:46 -0700|5270 4267 6450 5516|-52.68839, -141.02387|201.240.125.64|6ca2:7bf7:6ef8:a0a6:6788:bf4b:103:499e
Eric Burgess|1-723-343-6112|lobortis@enimCurabiturmassa.net|3B6669A9-7F4E-AEFE-0988-B8A606AB8ADB|Wed, 11 Dec 2019 02:39:18 -0800|5370 4638 8881 3020|-34.98448, -86.90047|191.162.91.141|9940:20df:d7b0:de98:81cf:c939:9f68:2c
Allistair Wilson|1-121-181-8982|velit.eget@sitamet.ca|E84C22EE-EE25-DBD4-E70D-D11BFD389653|Mon, 27 Aug 2018 23:34:19 -0700|4916 9766 5240 6147|-88.06728, 21.11651|173.115.132.41|28b:59db:5aa8:b7fb:6459:ba5:2e86:844d
Thane Best|1-540-715-3712|blandit@Fuscemollis.edu|54571FDA-CCFE-3677-DDF4-0DB6D3D73C72|Sat, 23 Feb 2019 11:05:08 -0800|5180 3807 3679 8221|-70.91254, -45.33985|127.107.42.238|ea02:abdd:1bd5:91ef:95c9:3200:2155:1c3b
Danielle Dejesus|1-703-585-7253|cursus@rutrumurnanec.net|E0F0C27C-AEAF-8B5C-4E7A-949FD72FBF1D|Sun, 10 Nov 2019 15:15:54 -0800|5218 0144 2703 9266|71.06316, -59.73629|166.231.14.151|8c92:53a2:3d22:de13:3840:a3d2:f908:d4f5
Sawyer Edwards|1-944-755-5730|eros.non.enim@commodo.com|6B2A214B-D1A2-DA6E-D2AA-5E2C93C5363E|Fri, 24 Aug 2018 08:02:13 -0700|4916 4034 9269 8783|-25.07393, 129.37483|68.34.224.221|7119:5497:aa01:43a1:e026:dc68:7509:216c
Luke Irwin|1-606-193-0220|sociis@elitCurabitur.org|10E0DB9F-5CDE-F17C-58B4-86867689D48F|Sun, 18 Nov 2018 22:21:00 -0800|4532 1753 6071 1112|-27.56277, 71.10006|32.243.126.7|b9de:b04f:2d7:4222:193:97b:5596:a32d
Pearl Barker|1-199-876-2214|in.sodales.elit@rutrum.org|1A069B0F-F2BA-2757-3A09-FA25557F0747|Sat, 25 Jan 2020 02:11:48 -0800|4539 5385 7425 5825|-39.89539, -142.78592|25.161.121.157|e13b:13e4:23c3:d238:a6ac:4f20:bd5c:fe10
Cleo Lyons|1-180-596-8627|sodales.purus.in@amet.net|99713760-D6E9-2B14-0AB9-C62B1254BAE1|Fri, 31 Aug 2018 22:28:12 -0700|5325 3256 9519 6624|16.53692, -61.44494|70.125.80.199|8a63:8c3e:c276:861f:bdad:9377:d952:eeeb
Phoebe Gentry|1-909-760-3065|in.tempus.eu@eu.com|07E35B0E-3E06-80E5-8EDF-ABAB96E21014|Fri, 07 Jun 2019 11:40:12 -0700|4532 4220 6922 9909|-60.04265, 54.12155|196.218.152.254|c09c:bab0:3853:27c2:32cd:b757:e0da:b917
Garrison Bray|1-916-238-3660|et.magnis@Proinmi.org|60DA68C0-D644-EC73-051B-9F4A074A6F46|Sat, 16 Nov 2019 07:41:32 -0800|4532 0065 1968 5602|-70.29716, -7.43911|43.235.66.154|82aa:e04a:78c2:7e5d:d754:362c:b513:65f8
Jerry Shaffer|1-544-925-5816|lorem.vehicula@semmollis.com|DD8D97B2-4439-9E3C-EAC0-1BE3340BE392|Mon, 20 May 2019 03:19:35 -0700|4556 0072 1294 7415|-89.46459, 102.29098|197.0.15.71|2c13:592a:ac8a:60db:5c48:46a2:6dba:8e4b
Michelle Montoya|1-429-573-9786|consequat.purus.Maecenas@amalesuada.net|74A5559C-61E1-AEEC-9399-EA4271B70A6A|Mon, 04 Feb 2019 17:05:37 -0800|5527 1247 5046 7780|-25.84124, 84.24265|99.125.42.196|5e0d:cced:2bce:8477:6586:20e2:b400:c20
Iola Pratt|1-226-119-2306|Duis.cursus@Pellentesque.edu|192A38BD-A7AF-2F45-F220-2FB83B5B7439|Fri, 11 May 2018 07:35:09 -0700|5299 1561 5689 1938|-3.64239, -169.13122|156.219.207.93|f7c2:b04b:2fd9:fed9:b4c7:6a02:be77:585a
Castor Barry|1-831-440-6344|et.euismod.et@netuset.com|ED482EAF-556C-7E92-3B69-812801B6239C|Fri, 20 Mar 2020 17:24:41 -0700|5144 8691 2776 1108|-31.13019, 119.72378|227.201.126.230|32b2:78af:778d:b48b:fdc6:78cc:117e:57b7
Clayton Vaughn|1-728-742-7545|gravida.nunc@seddolor.org|29715A1E-E519-8C9E-4FA9-8CEB1AE507F3|Thu, 13 Sep 2018 20:23:07 -0700|4916 9766 5240 6147|-37.25397, 67.89799|213.108.16.121|78ec:c989:16ba:f6cd:855:663d:ecd7:27f6
Craig Levine|1-780-246-6589|magna.et@hendreritDonecporttitor.org|81F70640-7C7E-0C73-E8D7-1C66020F2DE8|Wed, 07 Aug 2019 06:45:57 -0700|5180 3807 3679 8221|49.64911, -18.22401|165.23.105.19|a94c:9236:b8c8:ac93:c6ed:c695:8146:7ffe
Oliver White|1-268-770-3494|ligula.Donec.luctus@diamluctus.edu|1B714A1F-DD4B-2728-4B7E-28C516018806|Thu, 20 Jun 2019 03:00:21 -0700|5299 1561 5689 1938|11.00436, -69.37047|225.101.166.132|ce9b:412:b88c:c9f3:12b:6e24:9e90:8346
Ishmael Key|1-252-692-9651|adipiscing.non.luctus@fames.ca|2C1B78F8-274A-AA68-528F-4B183308E1ED|Sun, 17 Feb 2019 12:51:04 -0800|5144 8691 2776 1108|71.5766, 56.27381|56.204.232.133|fa16:de08:e4df:da76:d719:f2e5:dbe5:516a
Kato Waller|1-763-410-7279|arcu@ante.net|EA584E20-C0CA-26CF-9B58-951180D598D5|Sat, 02 Nov 2019 17:45:21 -0700|5144 8691 2776 1108|26.88123, -81.16746|143.76.144.133|3c01:698e:9ff8:42f2:7613:875b:7904:28b8